L5VF5R7J,Fall 2013
BX626SZD,Fall 2013
N3M2N693,Fall 2013
G55ZGU45,Fall 2013
QU3J9YSF,Fall 2013
KHUF1NRS,Fall 2013
TH1CF5SD,Fall 2013
FW6AA40H,Fall 2013
J9GW90E7,Fall 2013
EL73AFLQ,Fall 2013
19AJYPIA,Fall 2013
G3GRRV9D,Fall 2013
CQFN8V43,Fall 2013
B6JFDNLV,Fall 2013
I65DI29C,Fall 2013
35YZSYF7,Fall 2013
DKW6VUO8,Fall 2013
P2GM768W,Fall 2013
JXUANWJJ,Fall 2013
257IEGZ8,Fall 2013
7AWSGLW1,Fall 2013
EONBKAXU,Fall 2013
6B639DSO,Fall 2013
OIO9N8PG,Fall 2013
H9VCRET5,Fall 2013
5ZP26XV3,Fall 2013
X6LUDE65,Fall 2013
7D0VW9I3,Fall 2013
OV5G160Y,Fall 2013
7LXLD44K,Fall 2013
UVUQWIFS,Fall 2013
KENGREDK,Fall 2013
ZLALQHKD,Fall 2013
5PX8EM1C,Fall 2013
L5W9Z2GK,Fall 2013
WF3ON81E,Fall 2013
64R0NDLO,Fall 2013
D0Y1W8FG,Fall 2013
1TW7YT9O,Fall 2013
5FYYKEDL,Fall 2013
LYGL0Q7J,Fall 2013
HF89WC29,Fall 2013
6659PH4Q,Fall 2013
NC0PJLRI,Fall 2013
OF8EBBM8,Fall 2013
THENF6CA,Fall 2013
9KFJZPHO,Fall 2013
FEKST022,Fall 2013
6DM9PRFA,Fall 2013
JHYIUSU3,Fall 2013
7ZKGK39G,Fall 2013
DIG7SLDG,Fall 2013
0H0I2D0W,Fall 2013
ZYNLSXHW,Fall 2013
NE894V89,Fall 2013
62O3ULF4,Fall 2013
GUZYS4VO,Fall 2013
DL2JAYQI,Fall 2013
E7SLBLST,Fall 2013
JDDP6NQF,Fall 2013
LHG1F5KR,Fall 2013
LDPINYC7,Fall 2013
EBF5ALKT,Fall 2013
TE4PW8W0,Fall 2013
RROT96CY,Fall 2013
7Q0TM9D6,Fall 2013
FNPQDZBU,Fall 2013
WQK02LOP,Fall 2013
JJXBJ2O0,Fall 2013
3QCQJ8LZ,Fall 2013
62U3PK3A,Fall 2013
02REGPM2,Fall 2013
G51CVPDZ,Fall 2013
Z9P8W04X,Fall 2013
2HAKPLWW,Fall 2013
075D2O1D,Fall 2013
DI8D8XJG,Fall 2013
HAZLNWQO,Fall 2013
DIE0WG0V,Fall 2013
0ADHLTBJ,Fall 2013
BMR0R9D5,Fall 2013
DK28W0RH,Fall 2013
YGC6PTS1,Fall 2013
JS0NT6NL,Fall 2013
BRLHEL91,Fall 2013
LB097H6O,Fall 2013
ZD7D41PS,Fall 2013
4LTMV9QH,Fall 2013
PPTCZB2J,Fall 2013
BUSPIXKN,Fall 2013
GDE9FQC8,Fall 2013
LZUJ0LBA,Fall 2013
ZWFC4A9S,Fall 2013
9AMWGO08,Fall 2013
XVZSPSXG,Fall 2013
PIFQZSVM,Fall 2013
CBNMV2B5,Fall 2013
N2VDVXU8,Fall 2013
2Q79M91L,Fall 2013
0PHXCFLD,Fall 2013
HP40SF4Z,Fall 2013
K8WDKYFI,Fall 2013
1S663D82,Fall 2013
8YKK3ZTL,Fall 2013
XJHBJ2P0,Fall 2013
XAAM3NY9,Fall 2013
V7K8IQA6,Fall 2013
DMY3PPF3,Fall 2013
G9QGFF3M,Fall 2013
NV79SBYC,Fall 2013
48GN2IWM,Fall 2013
FJPJWJ5L,Fall 2013
EX69VXC2,Fall 2013
4988GRBQ,Fall 2013
RKMV16WB,Fall 2013
V9YY4MNZ,Fall 2013
5K3GURSM,Fall 2013
Z2YZ66C4,Fall 2013
1DO0JYVZ,Fall 2013
S11XLCXZ,Fall 2013
TOMFKOLK,Fall 2013
AS894AAW,Fall 2013
22E7J1UK,Fall 2013
DVRABZ1A,Fall 2013
1O22HK2T,Fall 2013
5A2R3HRV,Fall 2013
R3ZEY55F,Fall 2013
C1CQHF64,Fall 2013
N8XBXG9C,Fall 2013
L8V15X6S,Fall 2013
51SSYN0F,Fall 2013
I084ELVB,Fall 2013
S835UL9J,Fall 2013
3HR51A19,Fall 2013
O5TV0U52,Fall 2013
9JA0760Y,Fall 2013
XLP6DGNL,Fall 2013
NNY2BN0V,Fall 2013
9AZCMTV6,Fall 2013
GC33MWGG,Fall 2013
4235DB06,Fall 2013
D6ROT3ZW,Fall 2013
W1YAUGCP,Fall 2013
TO5IO1C2,Fall 2013
YDQHYPUA,Fall 2013
3BKRDMCL,Fall 2013
YRYG12NV,Fall 2013
PIC90EEX,Fall 2013
6VFH79M3,Fall 2013
GN94BKCU,Fall 2013
ONRL00Y9,Fall 2013
FCA6MTTL,Fall 2013
7VT47SNG,Fall 2013
DLCJ1DWI,Fall 2013
TSMT3L5H,Fall 2013
ULE1HBCV,Fall 2013
UMFB457C,Fall 2013
YRFPWFC6,Fall 2013
6DZYWXWT,Fall 2013
JZNSIRRX,Fall 2013
QJCYZBT0,Fall 2013
EBJ2VLZK,Fall 2013
0A11V4PV,Fall 2013
F3SPWMWC,Fall 2013
52XANMHF,Fall 2013
D6WV96B5,Fall 2013
3R9MTGV1,Fall 2013
GI2PMLON,Fall 2013
N220T0TI,Fall 2013
WKRR4P65,Fall 2013
3KNPN7AY,Fall 2013
UT12XWCH,Fall 2013
GBUJ9UDR,Fall 2013
RCGTJ0FJ,Fall 2013
P4CYKO61,Fall 2013
HBM8AK9E,Fall 2013
CS6H15FS,Fall 2013
QWZOZJRV,Fall 2013
OZLCJCMB,Fall 2013
XTA7MFBS,Fall 2013
B8S024ZI,Fall 2013
QANPALAX,Fall 2013
RGC34POU,Fall 2013
DTKKO94F,Fall 2013
N7IL921T,Fall 2013
8LZYB45J,Fall 2013
M50RDVIW,Fall 2013
MIH3FJLL,Fall 2013
FF2Y0X7Q,Fall 2013
7IIOQXE1,Fall 2013
CNAUVC9R,Fall 2013
6QE2VYO8,Fall 2013
MT2WVBPX,Fall 2013
ZEP6CRN9,Fall 2013
28ET22SO,Fall 2013
N6XPKBZ0,Fall 2013
APHOAYEE,Fall 2013
0APTJ5L4,Fall 2013
XAG2METJ,Fall 2013
76LL3QCP,Fall 2013
IGSPEG3K,Fall 2013
BEB4SC3W,Fall 2013
TC3FLIFJ,Fall 2013
27BOCTB2,Fall 2013
0HYZLEM7,Fall 2013
HGUIPF6D,Fall 2013
ZHC3J3JO,Fall 2013
QPLHMV89,Fall 2013
QTONXTY5,Fall 2013
6H7Z8TL5,Fall 2013
MXHZ21QE,Fall 2013
R097SVOG,Fall 2013
G8A2IX18,Fall 2013
T663K0C6,Fall 2013
72M9FD9Z,Fall 2013
2WOS7JUT,Fall 2013
RNPAJQ8M,Fall 2013
AHFOBMHS,Fall 2013
27FRVQEV,Fall 2013
YWI8I123,Fall 2013
T0ZZQD3R,Fall 2013
2EBPYO1U,Fall 2013
VJFB2N2A,Fall 2013
DJAEG9WV,Fall 2013
9CQ4C7R2,Fall 2013
H61WP2RR,Fall 2013
8B1ZEABQ,Fall 2013
ZHNOTBQL,Fall 2013
TZQKW8OI,Fall 2013
SMH1K4TV,Fall 2013
J9LSHRUS,Fall 2013
PRPRGTFY,Fall 2013
SX5JO7FH,Fall 2013
MJPICNOV,Fall 2013
4AABVXHX,Fall 2013
2SVTZLP3,Fall 2013
KS7WHBNK,Fall 2013
HWGP5RO8,Fall 2013
LVGFGIND,Fall 2013
DX6YQWV6,Fall 2013
NTR4WVW8,Fall 2013
IQ4LE87Q,Fall 2013
LWX4HPEM,Fall 2013
QVFA876U,Fall 2013
SLVRZ4B6,Fall 2013
KLA34E2Q,Fall 2013
IW9K2LLV,Fall 2013
R19S0JNW,Fall 2013
G0LD4O0H,Fall 2013
YVU8HZPX,Fall 2013
0D6SD43T,Fall 2013
0IZ4RELY,Fall 2013
VA9FAM3Q,Fall 2013
C7NRD2PB,Fall 2013
C2GDPM49,Fall 2013
U0IWVXWW,Fall 2013
SNT5D2TL,Fall 2013
CQB7TPHM,Fall 2013
C84UFUV0,Fall 2013
VWUV50VA,Fall 2013
K3LQGH5V,Fall 2013
ULCTUZ0Y,Fall 2013
31N0SFMP,Fall 2013
4WE515LG,Fall 2013
06JSX221,Fall 2013
TOAXHANE,Fall 2013
O20CY1QH,Fall 2013
LJ6CJF2T,Fall 2013
6W05SHVZ,Fall 2013
QMDMXOZI,Fall 2013
THOURG4G,Fall 2013
PV3S4Y9G,Fall 2013
FBSQ07YZ,Fall 2013
66LQYP9Q,Fall 2013
FB1P7HXE,Fall 2013
QQ7T2L3Y,Fall 2013
YDZ1LIQF,Fall 2013
SHRM490X,Fall 2013
5D0ULAG8,Fall 2013
DC3AITBB,Fall 2013
YR85HKP4,Fall 2013
XL7PRSRL,Fall 2013
Z45PO6AB,Fall 2013
SS5LEZUG,Fall 2013
EZP3SP6C,Fall 2013
JFNDB7TD,Fall 2013
PJ8NJDB9,Fall 2013
8ESBZ364,Fall 2013
FZQAIPMS,Fall 2013
Q4ITGM8K,Fall 2013
EYO3L15V,Fall 2013
S0I8IUC6,Fall 2013
XMJGIP0X,Fall 2013
YRK038XF,Fall 2013
9GU6B14M,Fall 2013
BECOUZWI,Fall 2013
S4LZYIU8,Fall 2013
998BL0TB,Fall 2013
VNLCIO91,Fall 2013
XTMM0ZB6,Fall 2013
S5XW0SVQ,Fall 2013
N9WL82QR,Fall 2013
EYE5T6O1,Fall 2013
BTU5RF7F,Fall 2013
QAIU7Q3T,Fall 2013
4P6EQ9BZ,Fall 2013
9URA09QX,Fall 2013
2IAE7Q1U,Fall 2013
CTT6BG2G,Fall 2013
CYTCXK2S,Fall 2013
P80RTZQ1,Fall 2013
0B2HRUWL,Fall 2013
EYM6J8IV,Fall 2013
2O4X068O,Fall 2013
6SET0VNM,Fall 2013
02ZOTRZV,Fall 2013
QPQJIBVL,Fall 2013
J7ZER21D,Fall 2013
471UASAS,Fall 2013
XFDMB383,Fall 2013
68D81BHB,Fall 2013
I8G4AXK2,Fall 2013
Q1G8PJ3Y,Fall 2013
E1UMP6A3,Fall 2013
L1HPY46U,Fall 2013
FK54SOVA,Fall 2013
Y10S86I4,Fall 2013
2U8J0ELS,Fall 2013
OAU8IJRI,Fall 2013
F5CMJVC6,Fall 2013
BI1PTQQE,Fall 2013
RN988UQE,Fall 2013
D7MS81AY,Fall 2013
CPI3L3SR,Fall 2013
D3O7N4V0,Fall 2013
H93JMOKP,Fall 2013
5Q5U7F7T,Fall 2013
82HDE93S,Fall 2013
OM8IBAW4,Fall 2013
B4Z3DUGI,Fall 2013
J1C7ZGQO,Fall 2013
25H1TMEP,Fall 2013
GME1ICAL,Fall 2013
XPJAHBIX,Fall 2013
EZ73KG3N,Fall 2013
TX652TGJ,Fall 2013
9DFXATIR,Fall 2013
85C2BWSN,Fall 2013
U037UTQX,Fall 2013
3434ZF0Y,Fall 2013
92H6393F,Fall 2013
WQYQNR7Z,Fall 2013
6RGZBCVO,Fall 2013
6QHVXZJ4,Fall 2013
KL1CWWY6,Fall 2013
9V1WD3OY,Fall 2013
SU09BI5F,Fall 2013
46YDCTM2,Fall 2013
MJQX3BVE,Fall 2013
JVCELUDX,Fall 2013
9WILUWGS,Fall 2013
1YQ8YZA6,Fall 2013
A6ZFG6M2,Fall 2013
PTGW02XN,Fall 2013
1LTT7GWI,Fall 2013
0B7WOXZ9,Fall 2013
7OTGKAL4,Fall 2013
QZ65PW51,Fall 2013
HMFWRCY7,Fall 2013
W9LO44P5,Fall 2013
HY2048OL,Fall 2013
X9RXOC7T,Fall 2013
8J8VVN4C,Fall 2013
AP773RLW,Fall 2013
N7LVOWIG,Fall 2013
OV6F6PYO,Fall 2013
5BP2M34Y,Fall 2013
ZRCWNT3S,Fall 2013
8TZUT7PX,Fall 2013
7XYJOWZW,Fall 2013
SHM50C49,Fall 2013
5ZQHYQDF,Fall 2013
6MENF3WY,Fall 2013
Q4DNJJAV,Fall 2013
LBDXKMGG,Fall 2013
0GNGMABX,Fall 2013
E0V6EE8F,Fall 2013
CVDACIFG,Fall 2013
WY97857C,Fall 2013
R281IUYN,Fall 2013
MZLKMFB4,Fall 2013
4LD9Y9EV,Fall 2013
EUFM8GOE,Fall 2013
780670UZ,Fall 2013
9S10GD7S,Fall 2013
73IH5AE4,Fall 2013
P3W6QF1V,Fall 2013
4T008X1M,Fall 2013
6ODULCAU,Fall 2013
C1SI12LP,Fall 2013
VJNTXDV5,Fall 2013
GYMZEHPY,Fall 2013
PYWVPTPQ,Fall 2013
LK3NQRJ7,Fall 2013
8QB362X2,Fall 2013
ER7MI02W,Fall 2013
S5708R7U,Fall 2013
X5G6HNBH,Fall 2013
UKBSXWGK,Fall 2013
RNJJH450,Fall 2013
ETQ3F3G6,Fall 2013
6ZFYGG6T,Fall 2013
XN23VOM2,Fall 2013
FD4JHJMI,Fall 2013
0ZAN9D7Q,Fall 2013
S19Z8SMO,Fall 2013
XPTX26XR,Fall 2013
VYONX5SY,Fall 2013
505S4AUJ,Fall 2013
6E3DSFEM,Fall 2013
5AWNZVPM,Fall 2013
NLWEYEU3,Fall 2013
W9RFVTFO,Fall 2013
KVCBBIBO,Fall 2013
C67RG9H9,Fall 2013
EEHD3JYS,Fall 2013
UF0BA1MY,Fall 2013
161W660A,Fall 2013
1RJXPWGY,Fall 2013
M18Y0CSH,Fall 2013
HILDV50Y,Fall 2013
XI9AHMGJ,Fall 2013
N7HZ1JOI,Fall 2013
9NBEJZ06,Fall 2013
P582TJRD,Fall 2013
61F1WMT8,Fall 2013
BJGUEZ94,Fall 2013
J3KU7X5G,Fall 2013
BSSBLUFB,Fall 2013
5CD41MHF,Fall 2013
ZKHB15Y7,Fall 2013
A9YW2YJ1,Fall 2013
LYM6AIRV,Fall 2013
6VJWKTCD,Fall 2013
OXKGHMHM,Fall 2013
4CEJBTMY,Fall 2013
PWXZ1YK6,Fall 2013
357EG8LV,Fall 2013
CQGEYXWK,Fall 2013
APXVJ6Q5,Fall 2013
0S71U8N7,Fall 2013
I8PARGZH,Fall 2013
YSORSVEQ,Fall 2013
IOIRHLFV,Fall 2013
OKNIRFWH,Fall 2013
GXHYRU1D,Fall 2013
VV8Y9MJS,Fall 2013
HZF9WNUW,Fall 2013
K0DOU3WF,Fall 2013
5W7J3FQ0,Fall 2013
8ZYQST7B,Fall 2013
5L2HZAH5,Fall 2013
8ZGXDQ80,Fall 2013
U90Y8UFB,Fall 2013
US0MQRT6,Fall 2013
Q5N72N48,Fall 2013
BKLZ4DPG,Fall 2013
PG9E5G4C,Fall 2013
XZWY0JLE,Fall 2013
0TZ3QXZN,Fall 2013
6O0BKU5P,Fall 2013
7BRUSKSO,Fall 2013
Y5AF7TSM,Fall 2013
OVOQRCOM,Fall 2013
QZ4T7H29,Fall 2013
WBIKW98M,Fall 2013
B9TUJD1A,Fall 2013
YGPA60DT,Fall 2013
CNQABWYI,Fall 2013
ICXSAZPT,Fall 2013
TUMAWLEO,Fall 2013
YKJOU17O,Fall 2013
U1RHPX6L,Fall 2013
2FLA9XZ0,Fall 2013
3ZD8JTX2,Fall 2013
RJD9EQ8L,Fall 2013
GHTVPE4S,Fall 2013
CODL6DCU,Fall 2013
XXM0LH8C,Fall 2013
JWH7AQVK,Fall 2013
07TJ99JW,Fall 2013
VW9WNY5U,Fall 2013
78ODP2HZ,Fall 2013
34U7ZGC4,Fall 2013
246SLMAA,Fall 2013
II187XOG,Fall 2013
72G1QYRJ,Fall 2013
DUHM61F6,Fall 2013
M5I38FPP,Fall 2013
OGSK7YHZ,Fall 2013
E8QIQ0WK,Fall 2013
EWNN1HM3,Fall 2013
SNU972WN,Fall 2013
MKLZDEZM,Fall 2013
3LIXH80I,Fall 2013
BFO64Y05,Fall 2013
CXAVIZIY,Fall 2013
DXWTXCUR,Fall 2013
62XGYTU6,Fall 2013
10CP5NN1,Fall 2013
UNMRQ7NV,Fall 2013
34AR5RVK,Fall 2013
9S1QVMDM,Fall 2013
PLGH7917,Fall 2013
MNADHIL7,Fall 2013
ARBFOZPK,Fall 2013
6C2R5A77,Fall 2013
0H89L4RU,Fall 2013
IF7H4WXK,Fall 2013
V96ZPGVJ,Fall 2013
2CSB4WH0,Fall 2013
UWQMWJA8,Fall 2013
YATX9K9O,Fall 2013
NTYNG41R,Fall 2013
2HE6AOQA,Fall 2013
Z9PC5H68,Fall 2013
QQTX0HRK,Fall 2013
6O9CF4O2,Fall 2013
6PEW9UUY,Fall 2013
FKHIC0N1,Fall 2013
N2QOBLL2,Fall 2013
FWQSMACS,Fall 2013
XBIRPAO8,Fall 2013
ER555J2M,Fall 2013
MV8QN9GU,Fall 2013
EJQPQ7UJ,Fall 2013
H5CBUDVS,Fall 2013
YH70RRFV,Fall 2013
W8M0R66G,Fall 2013
JSZCKTC0,Fall 2013
FBPKPTP6,Fall 2013
HDLMTOFC,Fall 2013
W1D84IM5,Fall 2013
BL40UCH2,Fall 2013
JLYSCCX1,Fall 2013
U0GLZQWM,Fall 2013
JWWFBR2Y,Fall 2013
CJYY89C1,Fall 2013
8CWZEF3F,Fall 2013
WXQLU4E8,Fall 2013
ZCL9SWWX,Fall 2013
3QCGP8C1,Fall 2013
8JDW40BM,Fall 2013
4B4JPHPY,Fall 2013
Z5LCDBMM,Fall 2013
14U6AP24,Fall 2013
CBZGA47H,Fall 2013
ZAPAA7F0,Fall 2013
XHML4UL1,Fall 2013
YPLIXW9T,Fall 2013
GBJ58AUN,Fall 2013
8X7YKUHQ,Fall 2013
LMPBVTFF,Fall 2013
BE459VR3,Fall 2013
G73HU85Q,Fall 2013
MWQE8EYE,Fall 2013
317A01OT,Fall 2013
YQT83YCV,Fall 2013
YEFX7CM6,Fall 2013
5CI8PCKI,Fall 2013
OESS211B,Fall 2013
YDOLYKHQ,Fall 2013
B0Y11XHL,Fall 2013
5C309KF9,Fall 2013
SGYHD6HD,Fall 2013
HL2DYH2B,Fall 2013
DP6POVXJ,Fall 2013
ZINBZIMT,Fall 2013
PTX589HP,Fall 2013
I2HS3UOH,Fall 2013
KH7LFQDI,Fall 2013
LC93XB0B,Fall 2013
SPY5O6LU,Fall 2013
6Q4HLTH1,Fall 2013
OR21TAUL,Fall 2013
Y41SLZSG,Fall 2013
N60ZK0WR,Fall 2013
HJPD6AK9,Fall 2013
E6LAXE2C,Fall 2013
0HF2SDEY,Fall 2013
2P8DNNZA,Fall 2013
LNHAQYBC,Fall 2013
5E2RQ3RK,Fall 2013
DF972XZW,Fall 2013
6WKJ60XF,Fall 2013
3YHGNF1S,Fall 2013
9QP712BX,Fall 2013
QSXYDAKV,Fall 2013
Z3GRBTZG,Fall 2013
TJIDWNNP,Fall 2013